Symbol,Name,Last Sale,Net Change,% Change,Market Cap,Country,IPO Year,Volume,Sector,Industry
AAMC,Altisource Asset Management Corp Com,$21.06,-0.71,-3.261%,43137598.00,United States,,16529,Finance,Real Estate
AAU,Almaden Minerals Ltd. Common Shares,$0.6483,0.0062,0.966%,78638955.00,Canada,2015,1273123,Basic Industries,Precious Metals
ACU,Acme United Corporation. Common Stock,$37.87,2.19,6.138%,126444635.00,United States,1988,21416,Capital Goods,Industrial Machinery/Components
ACY,AeroCentury Corp. Common Stock,$8.22,0.09,1.107%,12707166.00,United States,,380558,Technology,Diversified Commercial Services
AE,Adams Resources & Energy Inc. Common Stock,$31.88,0.40,1.271%,135244014.00,United States,,18742,Energy,Oil Refining/Marketing
AEF,Aberdeen Emerging Markets Equity Income Fund Inc. Common Stock,$8.59,-0.11,-1.264%,435957773.00,United States,,83845,,
AGE,AgeX Therapeutics Inc. Common Stock,$2.07,-0.15,-6.757%,78020467.00,,2018,249160,Health Care,Major Pharmaceuticals
AIM,AIM ImmunoTech Inc. Common Stock,$2.01,-0.04,-1.951%,79776924.00,United States,,1387961,Health Care,Biotechnology: Biological Products (No Diagnostic Substances)
AINC,Ashford Inc. (Holding Company) Common Stock,$7.62,-0.18,-2.308%,21612278.00,United States,2014,85204,Consumer Services,Professional Services
AIRI,Air Industries Group Common Stock,$1.52,0.04,2.703%,48229228.00,United States,,338773,Capital Goods,Military/Government/Technical
AMBO,Ambow Education Holding Ltd. American Depository Shares each representing two Class A ordinary shares,$2.20,-0.05,-2.222%,51073739.00,China,,137578,Consumer Services,Other Consumer Services
AMPE,Ampio Pharmaceuticals Inc.,$1.47,-0.01,-0.676%,287574818.00,United States,,1135550,Health Care,Major Pharmaceuticals
AMS,American Shared Hospital Services Common Stock,$2.47,0.12,5.106%,14229670.00,United States,,46415,Health Care,Medical Specialities
ANVS,Annovis Bio Inc. Common Stock,$25.62,0.76,3.057%,177979680.00,United States,2020,138029,Health Care,Major Pharmaceuticals
APT,Alpha Pro Tech Ltd. Common Stock,$12.15,-0.30,-2.41%,164970817.00,Canada,,477295,Health Care,Industrial Specialties
ARMP,Armata Pharmaceuticals Inc. Common Stock,$4.73,0.24,5.345%,97477604.00,United States,,8337,Health Care,Biotechnology: Biological Products (No Diagnostic Substances)
ASM,Avino Silver & Gold Mines Ltd. Common Shares (Canada),$1.19,-0.03,-2.459%,118737300.00,Canada,,1351506,Basic Industries,Precious Metals
ASXC,Asensus Surgical Inc. Common Stock,$4.15,0.34,8.924%,932613655.00,United States,,15763126,,
ATNM,Actinium Pharmaceuticals Inc. (Delaware) Common Stock,$7.88,0.13,1.677%,107061817.00,United States,,359844,Health Care,Major Pharmaceuticals
AUMN,Golden Minerals Company Common Stock,$0.67,-0.0162,-2.361%,108854640.00,United States,,2307037,Basic Industries,Precious Metals
AWX,Avalon Holdings Corporation Common Stock,$3.23,-0.05,-1.524%,12517642.00,United States,,71263,Public Utilities,Environmental Services
AXU,Alexco Resource Corp Common Shares (Canada),$2.38,-0.07,-2.857%,332638182.00,Canada,,860500,Basic Industries,Precious Metals
BATL,Battalion Oil Corporation Common Stock,$12.28,-0.39,-3.078%,198984715.00,,,61767,Energy,Oil & Gas Production
BCV,Bancroft Fund Ltd.,$28.70,-0.69,-2.348%,152827242.00,United States,,30868,,
BCV^A,Bancroft Fund Limited 5.375% Series A Cumulative Preferred Shares,$25.7996,0.0096,0.037%,,United States,,437,,
BDL,Flanigan's Enterprises Inc. Common Stock,$24.50,-0.4436,-1.778%,45536852.00,United States,,2034,Consumer Services,Restaurants
BDR,Blonder Tongue Laboratories Inc. Common Stock,$1.34,-0.08,-5.634%,15544907.00,United States,,182789,Technology,Radio And Television Broadcasting And Communications Equipment
BGI,Birks Group Inc. Common Stock,$3.57,0.08,2.292%,64156045.00,Canada,,1654880,Consumer Services,Consumer Specialties
BHB,Bar Harbor Bankshares Inc. Common Stock,$32.15,1.00,3.21%,479953365.00,United States,,48872,Finance,Major Banks
BIOX,Bioceres Crop Solutions Corp. Ordinary Shares,$7.86,0.41,5.503%,316961000.00,,2018,26689,Basic Industries,Agricultural Chemicals
BKTI,BK Technologies Corporation Common Stock,$4.89,0.40,8.909%,61183514.00,United States,,114065,Technology,Radio And Television Broadcasting And Communications Equipment
BMTX,BM Technologies Inc. Common Stock,$11.43,-0.21,-1.804%,139449452.00,,2018,78266,Finance,Major Banks
BRBS,Blue Ridge Bankshares Inc. Common Stock,$21.00,1.18,5.954%,259273350.00,,,21750,Finance,Major Banks
BRG,Bluerock Residential Growth REIT Inc. Class A Common Stock,$11.52,0.44,3.971%,264701146.00,,2014,444330,Consumer Services,Real Estate Investment Trusts
BRG^C,Bluerock Residential Growth REIT Inc. 7.625% Series C Cumulative Redeemable Preferred Stock,$25.8901,-0.0098,-0.038%,,,,1295,,
BRG^D,Bluerock Residential Growth REIT Inc. 7.125% Series D Cumulative Preferred Stock ($0.01 par value per share),$25.725,-0.225,-0.867%,,,,1850,,
BRN,Barnwell Industries Inc. Common Stock,$2.62,0.06,2.344%,21686159.00,United States,,109070,Energy,Oil & Gas Production
BTG,B2Gold Corp Common shares (Canada),$4.40,-0.11,-2.439%,4627856323.00,Canada,,6340163,Basic Industries,Precious Metals
BTN,Ballantyne Strong Inc. Common Stock,$2.56,0.20,8.475%,46600120.00,United States,,164105,Miscellaneous,Industrial Machinery/Components
BWL/A,Bowl America Inc.,$10.70,-0.24,-2.194%,,United States,,4685,,
CANF,Can-Fite Biopharma Ltd Sponsored ADR (Israel),$1.82,-0.02,-1.087%,28053447.00,Israel,,709497,Health Care,Major Pharmaceuticals
CCF,Chase Corporation Common Stock,$121.81,3.44,2.906%,1150664888.00,United States,,32474,Consumer Durables,Building Products
CDOR,Condor Hospitality Trust Inc. Common Stock,$4.55,-0.39,-7.895%,54668773.00,United States,,69529,Consumer Services,Real Estate Investment Trusts
CEI,Camber Energy Inc. Common Stock,$1.22,0.02,1.667%,30500000.00,United States,,4857252,Energy,Oil & Gas Production
CET,Central Securities Corporation Common Stock,$36.57,0.51,1.414%,959611538.00,United States,,12867,,
CEV,Eaton Vance California Municipal Income Trust Shares of Beneficial Interest,$12.99,-0.0697,-0.534%,92665139.00,United States,1999,46100,,
CHAQ,Chardan Healthcare Acquisition 2 Corp. Common Stock,$10.12,0.05,0.497%,109076447.00,,2020,8269,Finance,Business Services
CHFW,Consonance-HFW Acquisition Corp. Class A Ordinary Shares,$9.93,-0.02,-0.201%,118504620.00,,2021,4111,,
CIK,Credit Suisse Asset Management Income Fund Inc. Common Stock,$3.285,-0.045,-1.351%,171821692.00,United States,,2273491,,
CIX,CompX International Inc. Common Stock,$15.75,0.96,6.491%,196105723.00,United States,1998,25410,Capital Goods,Industrial Machinery/Components
CKX,CKX Lands Inc. Common Stock,$10.42,-0.48,-4.404%,20240798.00,United States,,878,Energy,Oil & Gas Production
CLM,Cornerstone Strategic Value Fund Inc. New Common Stock,$13.33,0.08,0.604%,1035373559.00,United States,1987,1267125,,
CMCL,Caledonia Mining Corporation Plc Common Shares,$14.22,0.17,1.21%,172329663.00,Canada,,94143,Basic Industries,Precious Metals
CMT,Core Molding Technologies Inc Common Stock,$11.71,-0.67,-5.412%,93350633.00,United States,,25801,Consumer Non-Durables,Plastic Products
COHN,Cohen & Company Inc.,$26.50,-0.97,-3.531%,35365337.00,United States,,36239,Finance,Investment Bankers/Brokers/Service
CPHI,China Pharma Holdings Inc. Common Stock,$0.8324,0.0529,6.786%,37940423.00,China,,317801,Health Care,Major Pharmaceuticals
CQP,Cheniere Energy Partners LP Cheniere Energy Partners LP Common Units,$40.73,-1.02,-2.443%,19714180340.00,United States,2007,103469,Public Utilities,Oil/Gas Transmission
CRF,Cornerstone Total Return Fund Inc. (The) Common Stock,$12.99,0.07,0.542%,533156468.00,United States,,525996,,
CRHM,CRH Medical Corporation Common Shares of Beneficial Interest,$3.87,0.02,0.519%,276368635.00,,2015,1416977,Health Care,Medical/Nursing Services
CTEK,CynergisTek Inc. Common Stock,$2.26,0.01,0.444%,24073631.00,United States,2017,86615,Miscellaneous,Business Services
CVM,Cel-Sci Corporation Common Stock,$18.06,-1.36,-7.003%,731958761.00,United States,,478441,Health Care,Biotechnology: Biological Products (No Diagnostic Substances)
CVR,Chicago Rivet & Machine Co. Common Stock,$26.80,-0.45,-1.651%,25892338.00,United States,,6055,Technology,Industrial Machinery/Components
CVU,CPI Aerostructures Inc. Common Stock,$4.71,0.31,7.045%,56290486.00,United States,,51182,Capital Goods,Military/Government/Technical
DHY,Credit Suisse High Yield Bond Fund Common Stock,$2.37,-0.05,-2.066%,245312543.00,United States,1998,4658717,,
DIT,AMCON Distributing Company Common Stock,$120.3399,-1.8901,-1.546%,66351690.00,United States,,255,Consumer Non-Durables,Food Distributors
DLA,Delta Apparel Inc. Common Stock,$26.26,0.46,1.783%,183154572.00,United States,,20819,Consumer Non-Durables,Apparel
DMF,BNY Mellon Municipal Income Inc. Common Stock,$8.83,0.05,0.569%,183229546.00,United States,1988,25786,,
DNN,Denison Mines Corp Ordinary Shares (Canada),$0.9711,-0.0289,-2.89%,702540598.00,Canada,,15967087,Basic Industries,Precious Metals
DPW,Ault Global Holdings Inc. Common Stock,$3.20,0.13,4.235%,88811398.00,United States,,6732799,Capital Goods,Industrial Machinery/Components
DSS,Document Security Systems Inc. Common Stock,$3.12,-0.21,-6.306%,86330790.00,United States,,1563697,Consumer Durables,Containers/Packaging
DXF,Dunxin Financial Holdings Limited American Depositary Shares,$1.12,-0.03,-2.609%,23379853.00,China,,556379,Finance,Finance: Consumer Services
DXR,Daxor Corporation Common Stock,$11.02,-0.39,-3.418%,44453325.00,United States,,4280,Health Care,Medical/Dental Instruments
EAD,Wells Fargo Income Opportunities Fund Common Shares,$8.30,-0.06,-0.718%,502865576.00,United States,2003,301665,,
ECF,Ellsworth Growth and Income Fund Ltd.,$13.16,-0.19,-1.423%,173778550.00,United States,1986,62457,,
ECF^A,Ellsworth Growth and Income Fund Ltd. 5.25% Series A Cumulative Preferred Shares (Liquidation Preference $25.00 per share),$26.1501,0.0001,0.00%,,United States,,500,,
EIM,Eaton Vance Municipal Bond Fund Common Shares of Beneficial Interest $.01 par value,$13.02,0.00,0.00%,936830456.00,United States,2002,266297,,
ELA,Envela Corporation Common Stock,$4.77,-0.16,-3.245%,128429297.00,United States,,50767,Consumer Services,Consumer Specialties
ELLO,Ellomay Capital Ltd Ordinary Shares (Israel),$30.45,0.00,0.00%,385256262.00,Israel,,56,Public Utilities,Electric Utilities: Central
ELMD,Electromed Inc. Common Stock,$12.05,0.08,0.668%,104052292.00,United States,2011,122653,Health Care,Biotechnology: Electromedical & Electrotherapeutic Apparatus
EMAN,eMagin Corporation Common Stock,$3.74,-0.44,-10.526%,252448511.00,United States,,1839446,Technology,Semiconductors
EMX,EMX Royalty Corporation Common Shares (Canada),$3.03,0.07,2.365%,255542504.00,Canada,,211580,Basic Industries,Precious Metals
ENSV,Enservco Corporation Common Stock,$1.90,0.08,4.396%,19511949.00,United States,,723226,Energy,Oilfield Services/Equipment
ENX,Eaton Vance New York Municipal Bond Fund Common Shares of Beneficial Interest $.01 par value,$11.93,0.01,0.084%,216151247.00,United States,2002,13730,,
EPM,Evolution Petroleum Corporation Inc. Common Stock,$4.35,0.10,2.353%,145683893.00,United States,,359250,Energy,Oil & Gas Production
EQX,Equinox Gold Corp. Common Shares,$8.04,-0.05,-0.618%,1948529424.00,Canada,,1452820,Basic Industries,Precious Metals
ERC,Wells Fargo Multi-Sector Income Fund Common Stock no par value,$12.53,0.05,0.401%,352495063.00,United States,2003,100888,,
ERH,Wells Fargo Utilities and High Income Fund,$12.66,0.0337,0.267%,117422323.00,,2004,23886,,
ESP,Espey Mfg. & Electronics Corp. Common Stock,$18.41,-0.5483,-2.892%,49755474.00,United States,,6072,Capital Goods,Industrial Machinery/Components
EVBN,Evans Bancorp Inc. Common Stock,$34.24,0.21,0.617%,184352919.00,United States,,18815,Finance,Major Banks
EVI,EVI Industries Inc.  Common Stock,$33.21,-0.41,-1.22%,406868629.00,United States,,20610,Consumer Services,Other Consumer Services
EVM,Eaton Vance California Municipal Bond Fund Common Shares of Beneficial Interest $.01 par value,$11.31,-0.01,-0.088%,282685974.00,United States,2002,78117,,
EVV,Eaton Vance Limited Duration Income Fund Common Shares of Beneficial Interest,$12.66,0.00,0.00%,1470421248.00,United States,2003,426290,,
EVY,Eaton Vance New York Municipal Income Trust Shares of Beneficial Interest,$14.00,0.00,0.00%,75625592.00,United States,1999,2355,,
EXN,Excellon Resources Inc. Common Shares,$3.02,-0.02,-0.658%,96848380.00,,2020,38764,Basic Industries,Precious Metals
FAX,Aberdeen Asia-Pacific Income Fund Inc Common Stock,$4.35,0.01,0.23%,1077476595.00,United States,1986,537906,,
FCO,Aberdeen Global Income Fund Inc. Common Stock,$8.10,-0.20,-2.41%,70720663.00,United States,1992,71822,,
FEN,First Trust Energy Income and Growth Fund,$12.46,0.13,1.054%,246343732.00,United States,2004,128919,,
FRD,Friedman Industries Inc. Common Stock,$8.50,0.11,1.311%,58699717.00,United States,,14329,Capital Goods,Steel/Iron Ore
FSI,Flexible Solutions International Inc. Common Stock (CDA),$3.76,-0.02,-0.529%,46024449.00,Canada,,49472,Basic Industries,Major Chemicals
FSP,Franklin Street Properties Corp. Common Stock,$6.52,0.46,7.591%,699779857.00,United States,,775953,Consumer Services,Real Estate Investment Trusts
FTF,Franklin Limited Duration Income Trust Common Shares of Beneficial Interest,$9.34,0.01,0.107%,281496719.00,United States,2003,153556,,
FTSI,FTS International Inc. Class A Common Stock,$23.53,2.13,9.953%,329418259.00,United States,2020,213478,Energy,Oilfield Services/Equipment
FURY,Fury Gold Mines Limited Common Shares,$1.27,0.05,4.098%,149636298.00,,2020,262138,Basic Industries,Precious Metals
GAU,Galiano Gold Inc.,$1.05,-0.01,-0.943%,235439948.00,Canada,,916984,Basic Industries,Mining & Quarrying of Nonmetallic Minerals (No Fuels)
GBR,New Concept Energy Inc Common Stock,$4.48,-0.24,-5.085%,22991069.00,United States,,495443,Energy,Oil & Gas Production
GDP,Goodrich Petroleum Corporation Common Stock,$10.16,-0.17,-1.646%,128582776.00,United States,2017,72921,Energy,Oil & Gas Production
GGN,GAMCO Global Gold Natural Resources & Income Trust,$3.40,-0.03,-0.875%,560699035.00,United States,2005,1799947,,
GGN^B,GAMCO Global Gold Natural Reources & Income Trust 5.00% Series B Cumulative 25.00 Liquidation Preference,$25.35,-0.12,-0.471%,,United States,,7052,,
GGO,The Gabelli Go Anywhere Trust Common Shares of Beneficial Interest,$14.10,-0.0001,-0.001%,21851151.00,,2016,341,,
GGO^A,The Gabelli Go Anywhere Trust Series A Cumulative Puttable and Callable Preferred Shares,$40.90,-0.075,-0.183%,,,,112,,
GLDG,GoldMining Inc. Common Shares,$1.50,0.02,1.351%,223098213.00,,,418685,Basic Industries,Precious Metals
GLO,Clough Global Opportunities Fund Common Stock,$12.07,-0.08,-0.658%,388948653.00,United States,2006,116827,,
GLQ,Clough Global Equity Fund Clough Global Equity Fund Common Shares of Beneficial Interest,$14.95,-0.349,-2.281%,197800894.00,United States,2005,76428,,
GLU,Gabelli Global Utility Common Shares of Beneficial Ownership,$18.815,0.1669,0.895%,101103870.00,United States,2004,6442,,
GLU^A,The Gabelli Global Utility and Income Trust Series A Cumulative Puttable and Callable Preferred Shares,$44.62,-1.90,-4.084%,,United States,,279,,
GLU^B,The Gabelli Global Utility and Income Trust Series B Cumulative Puttable and Callable Preferred Shares,$52.282,0.078,0.149%,,United States,,1000,,
GLV,Clough Global Dividend and Income Fund Common Shares of beneficial interest,$11.17,0.02,0.179%,93914277.00,United States,2004,27322,,
GOED,1847 Goedeker Inc. Commom Stock,$10.87,0.90,9.027%,66428744.00,United States,2020,26916,Consumer Services,Home Furnishings
GORO,Gold Resource Corporation Common Stock,$2.60,-0.03,-1.141%,193541933.00,United States,,654680,Basic Industries,Precious Metals
GPL,Great Panther Mining Limited Ordinary Shares (Canada),$0.802,-0.033,-3.952%,284491710.00,Canada,,2266386,Basic Industries,Precious Metals
GRF,Eagle Capital Growth Fund Inc. Common Stock,$8.06,0.06,0.75%,32839027.00,United States,,389,,
GSAT,Globalstar Inc. Common Stock,$1.38,-0.04,-2.817%,2315472653.00,United States,2006,16661700,Consumer Services,Telecommunications Equipment
GSS,Golden Star Resources Ltd Common Stock,$3.05,0.02,0.66%,339506465.00,United States,,371154,Basic Industries,Precious Metals
GSV,Gold Standard Ventures Corporation Common Stock (Canada),$0.5714,0.0003,0.053%,204261904.00,Canada,,4909497,Basic Industries,Mining & Quarrying of Nonmetallic Minerals (No Fuels)
GTE,Gran Tierra Energy Inc. Common Stock,$0.79,-0.0124,-1.545%,289915429.00,Canada,,11064741,Energy,Oil & Gas Production
HLM^,Hillman Group Capital Trust Preferred Stock,$25.58,0.03,0.117%,,United States,,25419,,
HMG,HMG/Courtland Properties Inc. Common Stock,$12.495,0.00,0.00%,12585564.00,United States,,3,Consumer Services,Real Estate Investment Trusts
HNW,Pioneer Diversified High Income Trust Pioneer Diversified High Income Trust Common Shares of Beneficial Interest,$14.68,-0.02,-0.136%,122325357.00,United States,2007,19158,,
HUSA,Houston American Energy Corporation Common Stock,$2.08,-0.11,-5.023%,18899375.00,United States,,958660,Energy,Oil & Gas Production
HWM^,Howmet Aerospace Inc. $3.75 Preferred Stock,$72.77,0.00,0.00%,,United States,,102,,
IAF,Aberdeen Australia Equity Fund Inc Common Stock,$5.64,-0.05,-0.879%,130433466.00,United States,,73604,,
IBIO,iBio Inc. Common Stock,$1.45,0.03,2.113%,313214400.00,United States,,6214061,Health Care,Major Pharmaceuticals
ID,PARTS iD Inc. Class A Common Stock,$6.07,-0.13,-2.097%,199541890.00,United States,2017,31440,Technology,Advertising
IGC,India Globalization Capital Inc. Common Stock,$1.58,-0.05,-3.067%,71678790.00,United States,,1695127,Technology,Electronic Components
IHT,InnSuites Hospitality Trust Shares of Beneficial Interest,$2.51,0.13,5.462%,22821949.00,United States,,55588,Consumer Services,Real Estate Investment Trusts
IMH,Impac Mortgage Holdings Inc. Common Stock ,$2.83,-0.11,-3.741%,60080495.00,United States,1997,88970,Consumer Services,Real Estate Investment Trusts
IMO,Imperial Oil Limited Common Stock,$24.16,0.49,2.07%,17735294401.00,Canada,,754921,Energy,Integrated oil Companies
INDO,Indonesia Energy Corporation Limited Ordinary Shares,$7.65,-0.35,-4.375%,56670856.00,,2019,26645,Energy,Oil & Gas Production
INFU,InfuSystems Holdings Inc. Common Stock,$17.92,0.51,2.929%,362645821.00,United States,,91512,Health Care,Medical/Dental Instruments
INS,Intelligent Systems Corporation Common Stock,$37.33,-0.67,-1.763%,331706802.00,United States,1992,79407,Technology,Computer Software: Prepackaged Software
INTT,inTest Corporation Common Stock,$9.73,0.64,7.041%,102448367.00,United States,1997,192251,Capital Goods,Electrical Products
INUV,Inuvo Inc.,$1.07,-0.03,-2.727%,126809341.00,United States,,4369211,Consumer Services,Advertising
IOR,Income Opportunity Realty Investors Inc. Common Stock,$11.6413,-0.0187,-0.16%,48523430.00,United States,,266,Consumer Services,Real Estate Investment Trusts
ISDR,Issuer Direct Corporation Common Stock,$21.34,0.92,4.505%,80467848.00,United States,,15474,Miscellaneous,Publishing
ISR,IsoRay Inc. Common Stock (DE),$1.08,0.05,4.854%,152495841.00,United States,,3962009,Health Care,Medical/Dental Instruments
ITP,IT Tech Packaging Inc. Common Stock,$0.62,-0.0108,-1.712%,61360408.00,China,,8313429,Consumer Durables,Containers/Packaging
ITRG,Integra Resources Corp. Common Shares,$2.86,-0.03,-1.038%,156179386.00,,,65515,Basic Industries,Precious Metals
JOB,GEE Group Inc. Common Stock,$1.41,0.03,2.174%,24910643.00,United States,,168855,Technology,Diversified Commercial Services
KIQ,Kelso Technologies Inc Ordinary Shares,$0.8206,-0.0494,-5.678%,38707773.00,Canada,,1390150,Capital Goods,Railroads
KLR,Kaleyra Inc. Common Stock,$15.45,-1.47,-8.688%,467960214.00,United States,2018,703541,Technology,EDP Services
LCTX,Lineage Cell Therapeutics Inc. Common Stock,$1.77,-0.08,-4.324%,265466984.00,United States,,1552633,Health Care,Biotechnology: Biological Products (No Diagnostic Substances)
LEU,Centrus Energy Corp. Class A Common Stock,$22.80,-0.70,-2.979%,279782562.00,United States,2014,78983,Basic Industries,Mining & Quarrying of Nonmetallic Minerals (No Fuels)
LGL,LGL Group Inc. (The) Common Stock,$12.14,0.29,2.447%,63848460.00,United States,,4315,Capital Goods,Industrial Machinery/Components
LNG,Cheniere Energy Inc. Common Stock,$73.20,0.55,0.757%,18558329022.00,United States,,1366716,Public Utilities,Oil/Gas Transmission
LODE,Comstock Mining Inc. Common Stock,$4.03,-0.30,-6.928%,152799525.00,United States,,1362673,Basic Industries,Precious Metals
LOV,Spark Networks Inc. American Depositary Shares (each representing one-tenth of an Ordinary Share),$4.86,-0.19,-3.762%,126636437.00,United States,2017,77838,Consumer Services,Other Consumer Services
LSF,Laird Superfood Inc. Common Stock,$33.27,-2.48,-6.937%,295267590.00,,2020,116606,Consumer Non-Durables,Packaged Foods
LXFR,Luxfer Holdings PLC Ordinary Shares,$20.65,0.51,2.532%,570686559.00,United Kingdom,2012,100779,Basic Industries,Major Chemicals
MAG,MAG Silver Corporation Ordinary Shares,$16.38,-0.33,-1.975%,1551894959.00,Canada,,740106,Basic Industries,Precious Metals
MCF,Contango Oil & Gas Company Common Stock (TX),$4.97,-0.27,-5.153%,863227491.00,United States,,1742985,Energy,Oil & Gas Production
MHH,Mastech Digital Inc Common Stock,$17.69,0.33,1.901%,201307760.00,United States,,18516,Consumer Services,Professional Services
MLSS,Milestone Scientific Inc. Common Stock,$3.69,0.01,0.272%,235028901.00,United States,2015,858753,Health Care,Industrial Specialties
MMX,Maverix Metals Inc. Common Shares,$4.70,0.00,0.00%,660295052.00,,,223674,Basic Industries,Precious Metals
MSN,Emerson Radio Corporation Common Stock,$1.24,-0.03,-2.362%,26092888.00,United States,,108771,Consumer Non-Durables,Consumer Electronics/Appliances
MTA,Metalla Royalty & Streaming Ltd. Common Shares,$8.58,0.21,2.509%,339906275.00,,,281144,Basic Industries,Precious Metals
MTNB,Matinas Biopharma Holdings Inc. Common Stock,$1.12,0.00,0.00%,223598769.00,United States,2017,1834314,Health Care,Major Pharmaceuticals
MXC,Mexco Energy Corporation Common Stock,$7.55,0.52,7.397%,15641078.00,United States,,24389,Energy,Oil & Gas Production
MYO,Myomo Inc. Common Stock,$10.62,-0.67,-5.934%,48658589.00,United States,2017,230376,Health Care,Industrial Specialties
NAK,Northern Dynasty Minerals Ltd. Common Stock,$0.6519,-0.0112,-1.689%,331847499.00,Canada,,15979734,Basic Industries,Precious Metals
NAVB,Navidea Biopharmaceuticals Inc. Common Stock,$2.05,-0.12,-5.53%,57368571.00,United States,,295075,Health Care,Biotechnology: In Vitro & In Vivo Diagnostic Substances
NBA,New Beginnings Acquisition Corp. Common Stock,$10.10,0.09,0.899%,150692000.00,,2020,3766403,Finance,Business Services
NBH,Neuberger Berman Municipal Fund Inc. Common Stock,$15.71,-0.34,-2.118%,295632288.00,United States,2002,26604,,
NBO,Neuberger Berman New York Municipal Fund Inc. Common Stock,$12.22,-0.06,-0.489%,62046036.00,United States,2002,2495,,
NBW,Neuberger Berman California Municipal Fund Inc Common Stock,$13.38,0.03,0.225%,74272969.00,United States,2002,8161,,
NBY,NovaBay Pharmaceuticals Inc. Common Stock,$0.8471,-0.0731,-7.944%,35394027.00,United States,2007,1729171,Health Care,Major Pharmaceuticals
NEN,New England Realty Associates Limited Partnership Class A Depositary Receipts Evidencing Units of Limited Partnership,$53.00,-0.99,-1.834%,193592888.00,United States,,3829,Consumer Services,Building operators
NES,Nuverra Environmental Solutions Inc. Common Stock,$2.17,0.06,2.844%,34226151.00,United States,2017,13404,Energy,Oilfield Services/Equipment
NG,Novagold Resources Inc.,$8.15,-0.12,-1.451%,2700263053.00,Canada,,1359457,Basic Industries,Precious Metals
NGD,New Gold Inc.,$1.64,0.04,2.50%,1116020000.00,Canada,,7669098,Basic Industries,Precious Metals
NHC,National HealthCare Corporation Common Stock,$76.73,2.46,3.312%,1179343323.00,United States,,40737,Health Care,Hospital/Nursing Management
NHS,Neuberger Berman High Yield Strategies Fund,$12.38,-0.01,-0.081%,241912442.00,United States,,47939,,
NML,Neuberger Berman MLP and Energy Income Fund Inc. Common Stock,$4.13,0.01,0.243%,234001373.00,,2013,169410,,
NNVC,NanoViricides Inc. Common Stock,$4.97,-0.33,-6.226%,53064690.00,United States,,1064263,Health Care,Major Pharmaceuticals
NOG,Northern Oil and Gas Inc. Common Stock,$13.76,-1.12,-7.527%,829492745.00,United States,,1383060,,
NRO,Neuberger Berman Real Estate Securities Income Fund Inc. Neuberger Berman Real Estate Securities Income Fund Inc.,$4.29,0.01,0.234%,203433520.00,United States,2003,309167,,
NSPR,InspireMD Inc. Common Stock,$0.7924,0.0616,8.429%,88109393.00,Israel,,8350151,Health Care,Medical/Dental Instruments
NTIP,Network-1 Technologies Inc. Common Stock,$3.27,0.27,9.00%,78588159.00,United States,,20356,Miscellaneous,Multi-Sector Companies
NTN,NTN Buzztime Inc. Common Stock,$3.13,0.04,1.294%,9284588.00,United States,,759064,Health Care,Major Pharmaceuticals
NXE,Nexgen Energy Ltd. Common Shares,$3.12,-0.31,-9.038%,1192922241.00,,,2682651,Basic Industries,Precious Metals
OGEN,Oragenics Inc. Common Stock,$0.8447,0.0247,3.012%,92618077.00,United States,,4070686,Health Care,Major Pharmaceuticals
ORLA,Orla Mining Ltd. Common Shares,$3.54,0.12,3.509%,810539640.00,,2020,951203,Basic Industries,Precious Metals
PCG^A,Pacific Gas & Electric Co. 6% Preferred Stock,$29.46,0.48,1.656%,,United States,,2240,,
PCG^B,Pacific Gas & Electric Co. 5 1/2% Preferred Stock,$27.30,0.77,2.902%,,United States,,1134,,
PCG^C,Pacific Gas & Electric Co. 5% 1st Preferred Stock,$24.50,0.00,0.00%,,United States,,25,,
PCG^D,Pacific Gas & Electric Co. 5% 1st  Red. Preferred Stock,$24.51,0.4799,1.997%,,United States,,146,,
PCG^E,Pacific Gas & Electric Co. 5% 1st A Preferred Stock,$24.37,-0.04,-0.164%,,United States,,105,,
PCG^G,Pacific Gas & Electric Co. 4.80% 1st Preferred Stock,$23.68,0.00,0.00%,,United States,,2,,
PCG^H,Pacific Gas & Electric Co. 4.50% 1st Preferred Stock,$23.70,0.00,0.00%,,United States,,50,,
PCG^I,Pacific Gas & Electric Co. 4.36% 1st Preferred Stock,$23.50,0.00,0.00%,,United States,,1,,
PED,Pedevco Corp. Common Stock,$1.43,-0.03,-2.055%,113625326.00,United States,,778507,Energy,Oil & Gas Production
PHGE,BiomX Inc. COmmon Stock,$6.82,-0.22,-3.125%,158544895.00,,2019,49482,Health Care,Biotechnology: Biological Products (No Diagnostic Substances)
PLAG,Planet Green Holdings Corp. Common Stock,$2.34,0.08,3.54%,37270970.00,China,,49242,Consumer Non-Durables,Packaged Foods
PLG,Platinum Group Metals Ltd. Ordinary Shares (Canada),$3.50,-0.14,-3.846%,258403695.00,Canada,,489280,Basic Industries,Precious Metals
PLM,Polymet Mining Corporation Ordinary Shares (Canada),$3.68,0.06,1.657%,370574955.00,Canada,,215881,Basic Industries,Precious Metals
PLX,Protalix BioTherapeutics Inc. (DE) Common Stock,$4.32,0.13,3.103%,196053830.00,Israel,,603482,Health Care,Biotechnology: Biological Products (No Diagnostic Substances)
PLYM^A,Plymouth Industrial REIT Inc. 7.50% Series A Cumulative Redeemable Preferred Stock,$26.701,0.061,0.229%,,United States,,2815,,
PRK,Park National Corporation Common Stock,$136.25,6.00,4.607%,2222808524.00,United States,,99043,Finance,Major Banks
PTK,PTK Acquisition Corp. Common Stock,$9.89,-0.03,-0.302%,142168750.00,United States,2020,9657,Finance,Business Services
PTN,Palatin Technologies Inc. Common Stock,$0.6823,-0.0154,-2.207%,156952408.00,United States,,2643214,Health Care,Major Pharmaceuticals
PW,Power REIT (MD) Common Stock,$35.12,0.36,1.036%,115879599.00,United States,,52915,Consumer Services,Real Estate Investment Trusts
PW^A,Power REIT 7.75% Series A Cumulative Perpetual Preferred Stock,$25.75,-0.37,-1.417%,,United States,,202,,
PZG,Paramount Gold Nevada Corp. Common Stock,$1.03,0.00,0.00%,37313342.00,United States,2015,149304,Basic Industries,Precious Metals
RCG,RENN Fund Inc Common Stock,$2.44,0.05,2.092%,14522773.00,United States,,15528,,
REI,Ring Energy Inc. Common Stock,$2.62,0.07,2.745%,213971732.00,United States,,8334098,Energy,Oil & Gas Production
REPX,Riley Exploration Permian Inc. Common Stock,$17.00,-0.75,-4.225%,15137072.00,United States,,34346,Energy,Oil & Gas Production
RHE,Regional Health Properties Inc. Common Stock,$5.04,-0.03,-0.592%,8508624.00,,2017,678967,Consumer Services,Real Estate
RHE^A,Regional Health Properties Inc. 10.875% Series A Cumulative Redeemable Preferred Stock,$2.63,-0.06,-2.23%,,,,1500,,
RLGT,Radiant Logistics Inc. Common Stock,$6.95,-0.10,-1.418%,347274396.00,United States,,200871,Transportation,Oil Refining/Marketing
RMED,Ra Medical Systems Inc. Common Stock,$5.69,-0.11,-1.897%,18342125.00,,2018,219279,Health Care,Medical/Dental Instruments
RVP,Retractable Technologies Inc. Common Stock,$11.15,-0.70,-5.907%,377055135.00,United States,,477474,Health Care,Medical/Dental Instruments
SACC,Sachem Capital Corp. 6.875% Notes due 2024,$25.2692,0.0676,0.268%,0.00,United States,2019,5481,Consumer Services,Real Estate Investment Trusts
SACH,Sachem Capital Corp. Common Shares,$4.70,0.01,0.213%,103986565.00,United States,2017,124567,Consumer Services,Real Estate Investment Trusts
SCCB,Sachem Capital Corp. 7.125% Notes due 2024,$26.011,-0.029,-0.111%,0.00,United States,2019,278,Consumer Services,Real Estate Investment Trusts
SCCC,Sachem Capital Corp. 7.75% Notes due 2025,$25.685,0.01,0.039%,0.00,United States,2020,950,Consumer Services,Real Estate Investment Trusts
SDPI,Superior Drilling Products Inc. Common Stock,$0.9955,0.0355,3.698%,25502207.00,,2014,383122,Energy,Metal Fabrications
SEB,Seaboard Corporation Common Stock,$3681.00,229.54,6.651%,4272827499.00,United States,1996,1477,Consumer Services,Farming/Seeds/Milling
SENS,Senseonics Holdings Inc. Common Stock,$2.52,0.04,1.613%,938167731.00,United States,,40578235,Capital Goods,Industrial Machinery/Components
SIF,SIFCO Industries Inc. Common Stock,$8.565,0.235,2.821%,51040796.00,United States,,15671,Capital Goods,Aerospace
SILV,SilverCrest Metals Inc. Common Shares,$7.27,-0.31,-4.09%,1049482398.00,,2018,1641943,Basic Industries,Precious Metals
SIM,Grupo Simec S.A.B. de C.V. American Depositary Shares,$12.7066,-0.2934,-2.257%,2108063962.00,Mexico,1993,1198,Basic Industries,Steel/Iron Ore
SMTS,Sierra Metals Inc. Common Stock,$2.60,-0.06,-2.256%,423280000.00,,,652573,Basic Industries,Precious Metals
SNMP,Evolve Transition Infrastructure LP Common Stock,$0.9521,0.0099,1.051%,52055344.00,United States,,210577,Energy,Oil & Gas Production
SSY,SunLink Health Systems Inc. Common Stock,$1.74,0.1369,8.54%,12004819.00,United States,,677022,Health Care,Hospital/Nursing Management
STXS,Stereotaxis Inc. Common Stock,$6.96,-0.09,-1.277%,512883708.00,United States,,277653,Health Care,Biotechnology: Electromedical & Electrotherapeutic Apparatus
SVM,Silvercorp Metals Inc. Common Shares,$5.00,-0.14,-2.724%,876791060.00,,,1401225,Basic Industries,Precious Metals
SVT,Servotronics Inc. Common Stock,$8.89,-0.005,-0.056%,22122116.00,United States,,836,Capital Goods,Industrial Machinery/Components
SYN,Synthetic Biologics Inc. Common Stock,$0.5941,0.0441,8.018%,77027783.00,United States,,12300895,Health Care,Major Pharmaceuticals
TGB,Taseko Mines Ltd. Common Stock,$1.63,-0.02,-1.212%,461340569.00,Canada,,2057393,Basic Industries,Precious Metals
THM,International Tower Hill Mines Ltd. Ordinary Shares (Canada),$1.16,-0.02,-1.695%,226093493.00,Canada,,149673,Basic Industries,Precious Metals
TKAT,Takung Art Co. Ltd. Common Stock,$2.73,0.20,7.905%,30770865.00,,,60444,Consumer Services,Other Specialty Stores
TMBR,Timber Pharmaceuticals Inc. Common Stock,$1.83,-0.13,-6.633%,21683727.00,United States,2015,3142328,Health Care,Major Pharmaceuticals
TMP,Tompkins Financial Corporation Common Stock,$89.69,3.14,3.628%,1343540504.00,United States,,53290,Finance,Major Banks
TMQ,Trilogy Metals Inc. Common Stock,$2.20,-0.03,-1.345%,317208604.00,Canada,,479970,Basic Industries,Precious Metals
TPHS,Trinity Place Holdings Inc. Common Stock,$2.04,-0.05,-2.392%,65631098.00,,,53578,Consumer Services,Building operators
TRT,Trio-Tech International Common Stock,$4.75,-0.18,-3.651%,17625136.00,United States,,13855,Technology,Industrial Machinery/Components
TRX,Tanzanian Gold Corporation Common Stock,$0.63,0.00,0.00%,157880668.00,Canada,,2038163,Basic Industries,Precious Metals
UAMY,United States Antimony Corporation Common Stock,$1.10,-0.04,-3.509%,113080110.00,United States,,5964221,Capital Goods,Metal Fabrications
UAVS,AgEagle Aerial Systems Inc. Common Stock,$6.22,0.38,6.507%,365745784.00,United States,,5993308,Capital Goods,Aerospace
UEC,Uranium Energy Corp. Common Stock,$1.99,-0.05,-2.451%,396127225.00,Canada,,3212641,Basic Industries,Precious Metals
UFAB,Unique Fabricating Inc. Common Stock,$6.41,-0.26,-3.898%,62684332.00,United States,2015,5297,Capital Goods,Auto Parts:O.E.M.
URG,Ur Energy Inc Common Shares (Canada),$1.04,0.04,4.00%,196426152.00,Canada,,3311894,Basic Industries,Precious Metals
USAS,Americas Gold and Silver Corporation Common Shares no par value,$2.36,-0.01,-0.422%,302902590.00,,2017,693402,Basic Industries,Precious Metals
UTG,Reaves Utility Income Fund Common Shares of Beneficial Interest,$31.11,0.13,0.42%,1732731803.00,United States,2004,300952,,
UUU,Universal Security Instruments Inc. Common Stock,$5.99,0.12,2.044%,13854193.00,United States,,130109,Technology,Electronic Components
UUUU,Energy Fuels Inc Ordinary Shares (Canada),$4.90,-0.37,-7.021%,679363803.00,,,3060544,Basic Industries,Mining & Quarrying of Nonmetallic Minerals (No Fuels)
VCF,Delaware Investments Colorado Municipal Income Fund Inc  Common Stock,$14.2512,-0.016,-0.112%,68934480.00,United States,1993,392,,
VFL,Delaware Investments National Municipal Income Fund Common Stock,$12.94,0.015,0.116%,58598052.00,United States,1993,4329,,
VGZ,Vista Gold Corp Common Stock,$0.90,-0.0273,-2.944%,93039934.00,United States,,568063,Basic Industries,Precious Metals
VHAQ,Viveon Health Acquisition Corp. Common Stock,$9.94,0.04,0.404%,250053125.00,,2021,31867,Finance,Business Services
VKI,Invesco Advantage Municipal Income Trust II Common Shares of Beneficial Interest (DE),$11.62,-0.12,-1.022%,515829823.00,United States,,88014,,
VMM,Delaware Investments Minnesota Municipal Income Fund II Inc. Common Stock,$13.21,0.04,0.304%,151980720.00,United States,1993,5569,,
VNRX,VolitionRX Limited Common Stock,$3.84,0.05,1.319%,202464576.00,Singapore,2015,262624,Health Care,Biotechnology: In Vitro & In Vivo Diagnostic Substances
VOLT,Volt Information Sciences Inc. Common Stock,$2.90,0.05,1.754%,63036068.00,United States,,37299,Technology,Professional Services
WLMS,Williams Industrial Services Group Inc. Common Stock,$3.479,-0.006,-0.172%,88145482.00,,2021,65062,Basic Industries,Military/Government/Technical
WRN,Western Copper and Gold Corporation Common Stock,$1.26,-0.10,-7.353%,170853020.00,Canada,2011,669411,Basic Industries,Precious Metals
WTT,Wireless Telecom Group  Inc. Common Stock,$1.67,0.10,6.369%,36230667.00,United States,,96415,Capital Goods,Telecommunications Equipment
WYY,WidePoint Corporation Common Stock,$10.51,-0.01,-0.095%,88901294.00,United States,,155126,Technology,EDP Services
XPL,Solitario Zinc Corp. Common Stock,$0.926,0.026,2.889%,53893200.00,United States,,4144813,Basic Industries,Precious Metals
XTNT,Xtant Medical Holdings Inc. Common Stock,$2.66,-0.18,-6.338%,230641381.00,United States,,660324,Health Care,Biotechnology: Biological Products (No Diagnostic Substances)
XXII,22nd Century Group Inc. Common Stock,$2.17,-0.23,-9.583%,301324449.00,United States,,3336887,Consumer Non-Durables,Farming/Seeds/Milling
YCBD,cbdMD Inc. Common Stock,$3.96,0.29,7.902%,207056967.00,United States,2017,594957,Consumer Non-Durables,Package Goods/Cosmetics
YCBD^A,cbdMD Inc. 8.0% Series A Cumulative Convertible Preferred Stock,$8.63,0.13,1.529%,,United States,,5278,,
ZDGE,Zedge Inc. Class B Common Stock ,$9.36,-0.14,-1.474%,117222646.00,,2016,250256,Technology,Computer Software: Prepackaged Software
ZOM,Zomedica Corp. Common Shares,$1.88,0.10,5.618%,1780920629.00,United States,2017,58843729,Health Care,Major Pharmaceuticals
